N,X,Y,H
1,36.3831416051835,55.2097478974611,130.4
2,36.383142862469,55.2097625657916,128.95
3,36.3832008652389,55.2099659107625,129.43
4,36.3832120969892,55.2100107539445,125.11
5,36.383214276284,55.210017291829,133.28
6,36.3832504861057,55.2100684214383,129.92
7,36.3833079859614,55.210191635415,129.92
8,36.3833534158766,55.2102844230831,130.88
9,36.3834306970239,55.2104941383004,131.36
10,36.3834366481751,55.2106035221368,133.28
11,36.3834344688803,55.2106105629355,132.8
12,36.3834180403501,55.2106738463044,134.72
13,36.3835835829377,55.2107026800513,136.16
14,36.3838001713157,55.2107290830463,138.09
15,36.3839007541537,55.2107798773795,139.05
16,36.3839523866773,55.2109170891345,141.45
17,36.3839994929731,55.2110423147678,142.41
18,36.3841139897704,55.2111605834216,144.34
19,36.3841480202973,55.211187992245,144.82
20,36.3841910194606,55.2112443186343,145.3
21,36.3841846492141,55.2113634254783,146.74
22,36.3840922806412,55.2113956958055,146.74
23,36.3839590083808,55.2114485856146,147.7
24,36.3839097227901,55.2115455642343,148.18
25,36.3839420769364,55.2116525173187,149.14
26,36.3840279914439,55.2118517551571,149.62
27,36.3840978965163,55.2120192255825,150.58
28,36.3841931987554,55.2121944073588,151.54
29,36.3842320069671,55.2123116701841,152.03
30,36.384226642549,55.2124524023384,152.51
31,36.3841755967587,55.2126119937748,152.51
32,36.3840009178966,55.2127298433334,153.47
33,36.3837478682399,55.2128249779344,153.95
34,36.3834407553077,55.2129398938268,154.43
35,36.3831507414579,55.2130623534322,154.43
36,36.3828826881945,55.2131604216993,154.91
37,36.3826070912182,55.2132902573794,154.43
38,36.3823336735368,55.2134490106255,154.43
39,36.3823195919394,55.2135834563524,154.43
40,36.3823545444757,55.2136873919517,154.91
41,36.3823683746159,55.2138246037066,155.39
42,36.3823699671775,55.2138800919056,155.39
43,36.382395029068,55.2141035534441,156.35
44,36.3824133016169,55.2142783999443,156.35
45,36.382469125092,55.2144569344819,157.31
46,36.3824774231762,55.2145881112665,157.79
47,36.3824990484864,55.2147513069212,159.24
48,36.3825423829257,55.2149481140077,160.2
49,36.3825854659081,55.2151509560645,161.64
50,36.3825973682105,55.2153013274074,162.6
51,36.3826030679047,55.2154198475182,163.08
52,36.3826073426753,55.2155526168644,164.52
53,36.3826289679855,55.215681027621,165.96
54,36.3826517667621,55.2158188261092,167.41
55,36.3826659321785,55.215961067006,168.85
56,36.3826570473611,55.2161271125078,169.81
57,36.3826416246593,55.2162665873766,170.29
58,36.3826110307127,55.2164212334901,171.25
59,36.3825900759548,55.2165682520717,171.25
60,36.382540455088,55.2167252451181,170.77
61,36.3824645150453,55.2168565057218,170.77
62,36.3823397085071,55.2169817313552,170.77
63,36.3821602519602,55.2170961443335,170.77
64,36.3819261454046,55.2172124013305,171.25
65,36.3818662986159,55.2172460127622,171.25
66,36.3817719183862,55.2172835636884,171.73
67,36.3817274942994,55.217293119058,171.25
68,36.3816015142947,55.2173532173038,171.73
69,36.3814904540777,55.2173818834126,171.73
70,36.3813059683889,55.2174600865692,172.21
71,36.3810831774026,55.2175684645772,172.21
72,36.3809303753078,55.2176635991782,172.69
73,36.3808157108724,55.2177348453552,172.69
74,36.3807707838714,55.2177599072456,172.69
75,36.3806100189686,55.2178976219147,172.21
76,36.380489487201,55.2180075924844,171.73
77,36.3803368527442,55.2180848736316,170.77
78,36.3803148921579,55.2180837839842,170.77
79,36.3803272973746,55.218130722642,170.29
80,36.3803021516651,55.218112282455,170.77
81,36.3803077675402,55.2180930040777,170.77
82,36.3802802748978,55.2181461453438,171.25
83,36.380182877183,55.2182162180543,170.77
84,36.3799876626581,55.2183488197625,169.81
85,36.3797756005079,55.2184959221631,169.81
86,36.3796440046281,55.2186200581491,168.37
87,36.3795529771596,55.2187524922192,167.41
88,36.379535542801,55.2187974192202,166.93
89,36.3795959763229,55.2189364749938,165
90,36.3797353673726,55.2190337888896,164.04
91,36.3798308372498,55.2191029395908,164.04
92,36.3798322621733,55.2191151771694,164.04
93,36.379622714594,55.2191337849945,164.52
94,36.379374358803,55.2191501297057,165.48
95,36.3791240751743,55.2191487886012,166.45
96,36.378893237561,55.2191197872162,167.89
97,36.3788555189967,55.2191176079214,167.89
98,36.3785905670375,55.2191082201898,168.37
99,36.3783442229033,55.2190886903554,168.85
100,36.3783115334809,55.2190835773945,168.85
101,36.3780423905701,55.2190430928022,169.33
102,36.3778196834028,55.2190218027681,171.25
103,36.3775481935591,55.219008307904,171.73
104,36.3772218022496,55.2189919631928,172.21
105,36.3767740409821,55.2189803123474,172.69
106,36.3764928281307,55.2189680747688,172.69
107,36.3760344218463,55.2189373970032,172.21
108,36.375597724691,55.2189140114933,172.69
109,36.375309638679,55.2188949007541,172.69
110,36.3751917053014,55.2188974991441,172.21
111,36.3749300222844,55.2188781369478,171.25
112,36.3745833467692,55.2188329584897,170.77
113,36.3742820173502,55.2188195474446,170.77
114,36.3740980345756,55.2188118360937,170.29
115,36.3739821128547,55.2188089024275,170.29
116,36.3738735672086,55.2188210561872,169.81
117,36.3738034944981,55.2188329584897,169.81
118,36.3737259618938,55.2187887020409,169.33
119,36.3735963776708,55.2188079804182,168.85
120,36.3736615050584,55.218807393685,168.85
121,36.3736650254577,55.2187410928309,167.89
122,36.3735832180828,55.2186929807067,168.85
123,36.3735817931593,55.2186900470406,169.81
124,36.3735669571906,55.2186869457364,168.85
125,36.3735667057335,55.218699015677,169.33
126,36.3736879918724,55.218728268519,169.81
127,36.3737407978624,55.2187936473638,169.33
128,36.3738029077649,55.2188142668456,169.81
129,36.373776672408,55.2188356406987,169.33
130,36.3736530393362,55.2187976706773,169.33
131,36.3736470043659,55.2188270073384,170.29
132,36.3736462499946,55.2188239898533,168.85
133,36.3736925181001,55.2188036218286,169.81
134,36.3737442344427,55.2188163623214,169.81
135,36.3737605791539,55.2188586909324,170.29
136,36.3736980501562,55.2188711799681,169.81
137,36.3737972918898,55.2188587747514,170.29
138,36.373800560832,55.2188213076442,170.77
139,36.3737791869789,55.2187764644623,170.77
140,36.3736827112734,55.2187772188336,170.29
141,36.3736274745315,55.2188041247428,170.29
142,36.3735869899392,55.2187819965184,170.29
143,36.373628731817,55.2187608741224,170.77
144,36.3736884109676,55.2187491394579,170.77
145,36.3736488483846,55.2187685016543,170.77
146,36.3736309949309,55.2187829185277,170.77
147,36.3736402150244,55.2187908813357,170.29
148,36.3735953718424,55.2187963295728,170.29
149,36.3735517021269,55.2188049629331,170.29
150,36.373554635793,55.21877579391,169.81
151,36.3736257143319,55.2187949046493,169.33
152,36.3736335095018,55.2188182901591,169.81
153,36.3736568950117,55.2188284322619,169.81
154,36.3736879918724,55.2187959104776,170.29
155,36.3736852258444,55.2187645621598,169.81
156,36.3736600801349,55.2188293542713,169.81
157,36.3736819569022,55.2188346348703,170.29
158,36.3737112097442,55.2188374008983,169.81
159,36.3736880756915,55.2188157755882,170.77
160,36.3736571464688,55.2188373170793,170.29
161,36.3737143948674,55.2188025321811,170.29
162,36.3737384509295,55.2187920548022,169.81
163,36.37376091443,55.2187848463655,170.77
164,36.3736727368087,55.2188076451421,171.25
165,36.3736574817449,55.218802113086,171.25
166,36.3736369460821,55.2188026998192,170.29
167,36.3736199308187,55.2187957428396,171.25
168,36.3736238703132,55.218802280724,170.77
169,36.3736291509122,55.2187955752015,170.77
170,36.3736515305936,55.2187500614673,170.77
171,36.3736965414137,55.2188035380095,171.25
172,36.3738189172,55.218786271289,170.77
173,36.3737094495445,55.2188240736723,170.77
174,36.3736527878791,55.2188222296536,171.25
175,36.3736858125776,55.2188182063401,171.25
176,36.373641807586,55.2188171166927,170.77
177,36.3736936077476,55.2188001852483,171.25
178,36.3737358525395,55.2188059687614,170.77
179,36.3737395405769,55.2188037056476,171.25
180,36.3736724853516,55.2188084833324,171.25
181,36.373628731817,55.2188147697598,171.25
182,36.3736415561289,55.2187921386212,170.77
183,36.3736708089709,55.2187781408429,170.29
184,36.3736442383379,55.2188156079501,171.25
185,36.3736957870424,55.2188453637064,171.25
186,36.3736607506871,55.218865647912,171.25
187,36.3737007323653,55.2188307791948,171.25
188,36.3736633490771,55.2188122551888,170.77
189,36.3736585713923,55.2188302762806,171.25
190,36.3736529555172,55.2188465371728,171.25
191,36.3736457470805,55.2188554219902,171.25
192,36.3736335095018,55.2188306115568,171.25
193,36.373652452603,55.2188265044242,171.25
194,36.3736338447779,55.2188028674573,170.77
195,36.3736278936267,55.2188008558005,170.29
196,36.3736398797482,55.2187981735915,171.25
197,36.3736385386437,55.218804711476,170.77
198,36.3736043404788,55.2187963295728,171.25
199,36.3736388739199,55.2187854330987,170.77
200,36.3736659474671,55.218809992075,170.77
201,36.3736958708614,55.2188269235194,171.25
202,36.3736425619572,55.2188294380903,170.77
203,36.3736230321229,55.2188090700656,171.25
204,36.3735879119486,55.2188119199127,171.25
205,36.3736938592046,55.2188277617097,171.25
206,36.3736989721656,55.218799514696,171.25
207,36.3736486807466,55.2188113331795,171.73
208,36.3736936077476,55.2188281808048,171.25
209,36.3736394606531,55.2188275102526,171.73
210,36.3736506085843,55.2188346348703,171.25
211,36.3736804481596,55.2188082318753,171.73
212,36.373610207811,55.2187805715948,171.73
213,36.3735900074244,55.218794317916,171.73
214,36.3736930210143,55.2187980059534,171.73
215,36.3737114612013,55.2188173681498,171.73
216,36.373668378219,55.2188502252102,171.73
217,36.3736425619572,55.218855002895,171.73
218,36.3736660312861,55.2188198827207,171.73
219,36.3736800290644,55.2187866065651,171.73
220,36.3736672885716,55.2187719382346,171.73
221,36.3735965453088,55.2187047991902,171.25
222,36.3736575655639,55.2187866903841,171.73
223,36.3736772630364,55.2188744489104,171.73
224,36.3736479263753,55.2189088147134,172.21
225,36.373768793419,55.2189301047474,172.69
226,36.3739834539592,55.2188751194626,173.17
227,36.3739285524935,55.2188901230693,173.17
228,36.3738806080073,55.218852320686,172.69
229,36.3738541211933,55.2188358083367,173.17
230,36.3738607428968,55.2188300248236,172.69
231,36.3738690409809,55.2187775541097,172.69
232,36.3738185819238,55.2187336329371,172.21
233,36.3736983854324,55.2186877839267,171.73
234,36.3736853934824,55.2187779732049,171.73
235,36.3736605830491,55.2188051305711,171.73
236,36.3736700545996,55.2187978383154,171.73
237,36.37366049923,55.2187860198319,171.73
238,36.3737334217876,55.2188025321811,171.73
239,36.3737109582871,55.2188218943775,171.73
240,36.3736988883466,55.2188322879374,172.21
241,36.3737359363586,55.2188162785024,171.73
242,36.3737388700247,55.2188159432262,171.25
243,36.3737304881215,55.2188588585705,171.25
244,36.3737227767706,55.2188804000616,171.73
245,36.3737403787673,55.2188759576529,171.73
246,36.3738394528627,55.2188541647047,172.21
247,36.3739307317883,55.2188969962299,173.17
248,36.3739690370858,55.2188859321177,173.17
249,36.3740209210664,55.218881322071,173.17
250,36.3741882238537,55.2188511472195,173.66
251,36.3742821849883,55.2188541647047,173.66
252,36.3743759784847,55.2188570983708,174.62
253,36.3746680039913,55.218868246302,174.62
254,36.3749486301094,55.2188768796623,176.06
255,36.3752968981862,55.2188969124109,176.54
256,36.3757182564586,55.21892641671,177.02
257,36.3759506866336,55.2189356368035,177.02
258,36.3762365095317,55.2189443539828,177.5
259,36.3765775691718,55.2189623750746,177.02
260,36.3769104983658,55.2189809828997,177.02
261,36.3772358838469,55.2189941424877,176.54
262,36.377619439736,55.2190175279975,176.54
263,36.3780004810542,55.2190513908863,175.58
264,36.3782902434468,55.2190730161965,174.62
265,36.3785959314555,55.2190993353724,173.66
266,36.3789425231516,55.2191341202706,172.21
267,36.3792747817934,55.2191458549351,171.73
268,36.37945080176,55.2191540692002,170.29
269,36.3796160928905,55.2191742695868,169.81
270,36.379863107577,55.219180136919,169.81
271,36.3798918575049,55.2191578410566,169.33
272,36.3797979801893,55.2191154286265,169.81
273,36.3797032646835,55.2190483734012,171.25
274,36.3795814756304,55.2189521491528,173.17
275,36.3795747701079,55.2189414203167,173.17
276,36.3795689027757,55.2188474591821,174.14
277,36.3795881811529,55.2188110817224,174.62
278,36.3796890154481,55.2186921425164,175.58
279,36.3798336870968,55.2185630612075,176.54
280,36.3798456732184,55.2185488119721,176.54
281,36.3799092918634,55.2184970118105,177.5
282,36.380029572174,55.2183809224516,177.5
283,36.3802039157599,55.2182611450553,178.46
284,36.3803471624851,55.2181595563889,179.42
285,36.3804579712451,55.2180521003902,179.9
286,36.3805915787816,55.2179242763668,180.38
287,36.3807388488203,55.2177866455168,180.87
288,36.380914952606,55.2176695503294,181.35
289,36.3810863625258,55.2175210230052,180.87
290,36.3811056409031,55.2175153233111,181.35
291,36.3813312817365,55.2174351923168,181.35
292,36.3815533183515,55.2173520438373,181.35
293,36.3817683141679,55.2172766905278,180.87
294,36.3819859921932,55.2171910274774,181.35
295,36.3821868225932,55.2170947194099,181.35
296,36.38237927109,55.2169896941632,181.35
297,36.3824775908142,55.2168961521238,181.35
298,36.3825517706573,55.2167648915201,181.83
299,36.3825808558613,55.2166477125138,182.31
300,36.3826059177518,55.2165057230741,182.79
301,36.3826432172209,55.2163742110133,181.83
302,36.3826808519661,55.2162262704223,181.35
303,36.3826984539628,55.2160447183996,180.38
304,36.3826847914606,55.215916140005,179.42
305,36.3826701231301,55.2158775832504,178.94
306,36.3826538622379,55.2158182393759,178.46
307,36.382630141452,55.2156825363636,177.02
308,36.3825922552496,55.2155492641032,176.06
309,36.3826106116176,55.2154153212905,175.58
310,36.3826176524162,55.2152667939663,174.62
311,36.3825884833932,55.2151161711663,174.62
312,36.3825712166727,55.2149347867817,174.14
313,36.3825307320803,55.2147619519383,173.17
314,36.3825071789324,55.2146430127323,172.69
315,36.3824882358313,55.2145032025874,171.73
316,36.3824707176536,55.2143545076251,171.73
317,36.3824556302279,55.2141589578241,170.77
318,36.3824186660349,55.2139997854829,170.77
319,36.3823925983161,55.2138295490295,170.29
320,36.3823511917144,55.2136913314462,170.29
321,36.3823489286005,55.2135582268238,170.29
322,36.3824207615107,55.2134314924479,170.29
323,36.3826530240476,55.213286653161,170.77
324,36.3828409463167,55.2131839748472,170.77
325,36.383055690676,55.2130952943116,170.77
326,36.383338496089,55.2129885088652,170.29
327,36.3835865166038,55.2128984034061,170.29
328,36.3838557433337,55.2128012571484,169.81
329,36.3840729184449,55.2127215452492,169.33
330,36.3842368684709,55.2126149274409,169.33
331,36.3842880818993,55.2124851755798,168.85
332,36.3842335157096,55.2123425155878,169.33
333,36.3841570727527,55.2122272644192,168.85
334,36.3840792048723,55.2121060620993,168.37
335,36.384014999494,55.2119726222008,167.41
336,36.3839369639754,55.2118678484112,166.93
337,36.3839311804622,55.2118486538529,166.93
338,36.3838495407254,55.2117728814483,165.96
339,36.3838094752282,55.2117359172553,165.96
340,36.3839523866773,55.2116220910102,165.48
341,36.3839858304709,55.2116014715284,165.48
342,36.3840963877738,55.2115443907678,165
343,36.384089011699,55.2114780060947,164.52
344,36.3840809650719,55.2114328276366,164.04
345,36.3840802107006,55.2114053349942,163.56
346,36.3840171787888,55.2112793549895,162.12
347,36.3839520514011,55.2111242059618,161.64
348,36.3839122373611,55.210968805477,160.2
349,36.3839192781597,55.2108694799244,159.24
350,36.3839497882873,55.2107681427151,158.27
351,36.3839839864522,55.210707038641,158.27
352,36.3839885126799,55.210701841861,158.27
353,36.3839534763247,55.2106829825789,157.79
354,36.3839710783213,55.2106882631779,158.27
355,36.383956996724,55.210693795234,157.79
356,36.3839585054666,55.2107020094991,157.79
357,36.3839865010232,55.2107691485435,158.75
358,36.3839732576162,55.2107486128807,158.27
359,36.3839638698846,55.2107298374176,157.79
360,36.3839709945023,55.2107248920947,157.31
361,36.3839625287801,55.2107242215425,157.31
362,36.3839065376669,55.2107207849622,157.31
363,36.3838134985417,55.2107326034456,156.35
364,36.3837052043527,55.2107259817421,155.87
365,36.3836065493524,55.210717599839,154.91
366,36.38353664428,55.2106978185475,153.47
367,36.3835083972663,55.2106704935431,152.03
368,36.3835142645985,55.21065171808,152.03
369,36.3835114147514,55.2106449287385,152.51
370,36.3835047092289,55.2106327749789,152.51
371,36.3834717683494,55.2106524724513,152.51
372,36.3834374025464,55.2106687333435,152.51
373,36.3834740314633,55.210691196844,152.03
374,36.3834581896663,55.2106812223792,152.51
375,36.3834632188082,55.2106563281268,152.51
376,36.3834924716502,55.2106580045074,152.51
377,36.3835335429758,55.2106449287385,152.51
378,36.383475959301,55.2106248121709,152.03
379,36.3834643922746,55.2106220461428,151.54
380,36.3833523262292,55.2105404064059,149.62
381,36.3832730334252,55.2104684058577,149.14
382,36.3832208979875,55.2103517297655,148.66
383,36.3831700198352,55.2102343831211,148.18
384,36.3831409346312,55.2101094927639,148.66
385,36.3831024616957,55.2099973428994,149.14
386,36.3831034675241,55.2099263481796,149.14
387,36.3831269368529,55.2099207323044,149.14
388,36.3832436129451,55.2098555210978,149.62
389,36.3833673298359,55.2097623143345,149.62
390,36.3835068047047,55.2096929959953,149.62
391,36.3836456090212,55.2096280362457,149.62
392,36.3836709223688,55.2096134517342,149.14
393,36.3837179448456,55.2095551975071,149.62
394,36.3836218044162,55.2095940895379,149.62
395,36.3835435174406,55.2096202410757,149.62
396,36.3834955729544,55.2096531819552,149.62
397,36.3833970855922,55.2096838597208,149.62
398,36.3831968419254,55.2096364181489,149.62
399,36.3830604683608,55.2096150442958,150.1
400,36.3830490689725,55.2096337359399,150.1
401,36.383047895506,55.2096196543425,150.1
402,36.3829944189638,55.209581349045,149.62
403,36.3828594703227,55.2095189038664,149.62
404,36.3826585561037,55.2094926685095,149.62
405,36.3825734797865,55.2094345819205,150.1
406,36.3825472444296,55.2094223443419,150.1
407,36.3824671972543,55.2093800995499,151.06
408,36.3823062647134,55.2092981245369,152.51
409,36.3822955358773,55.2092812769115,152.03
410,36.38218623586,55.2091515250504,152.99
411,36.3820007443428,55.2090698853135,153.47
412,36.3819038495421,55.2089842222631,153.47
413,36.3817293383181,55.2088349405676,154.91
414,36.3816296774894,55.2087203599513,155.87
415,36.381652308628,55.208706362173,156.35
416,36.3816967327148,55.2087059430778,156.83
417,36.3817166816443,55.2087172586471,156.83
418,36.3817458506674,55.2086730860174,156.83
419,36.3817622791976,55.2087204437703,157.31
420,36.3817559089512,55.208698650822,156.83
421,36.3818090502173,55.2087076194584,156.83
422,36.3817202020437,55.2086809650064,156.83
423,36.3816118240357,55.2086813002825,156.35
424,36.3815815653652,55.2086899336428,156.35
425,36.3815471157432,55.2087111398578,156.83
426,36.3814798090607,55.2087009977549,156.83
427,36.3814742770046,55.208709128201,156.83
428,36.3814029470086,55.2087217010558,156.83
429,36.3813927210867,55.2087210305035,156.83
430,36.3815204612911,55.2088486868888,155.39
431,36.3815060444176,55.2088878303766,154.91
432,36.3814524002373,55.2089218609035,153.47
433,36.3813166134059,55.2089493535459,153.47
434,36.3812166173011,55.2090217731893,152.99
435,36.3812441099435,55.2091096993536,152.51
436,36.3812741171569,55.2092008944601,152.51
437,36.381282415241,55.2092790976167,152.03
438,36.3812777213752,55.2093107812107,152.03
439,36.3812811579555,55.2094614878297,151.54
440,36.3812119234353,55.2096398547292,150.58
441,36.3811972551048,55.2096819318831,150.58
442,36.3811276014894,55.2097136992961,151.06
443,36.3810052257031,55.2097535971552,151.06
444,36.3808836042881,55.2097551058978,151.06
445,36.3808432873339,55.2097525075078,151.06
446,36.3806316442788,55.2098041400313,151.06
447,36.3804284669459,55.2098558563739,151.54
448,36.3802931830287,55.2098809182644,151.06
449,36.3801544625312,55.2099608816207,151.06
450,36.3800464197993,55.2099913917482,151.54
451,36.3799492735416,55.2100035455078,151.54
452,36.3798271492124,55.2100372407585,151.54
453,36.3795259036124,55.2100984286517,151.54
454,36.3792775478214,55.2101731114089,151.54
455,36.3791239913553,55.210228767246,152.03
456,36.3788987696171,55.2102892845869,152.03
457,36.3787271082401,55.2103285957128,151.54
458,36.3786349073052,55.2103590220213,152.03
459,36.3785479869694,55.2103904541582,152.03
460,36.3783734757453,55.21041107364,152.03
461,36.3782871421427,55.210363632068,152.51
462,36.3781674485654,55.2102534100413,154.43
463,36.3780744094402,55.2101773023605,156.35
464,36.3779672887176,55.2101439423859,156.83
465,36.3778807874769,55.2100459579378,157.79
466,36.3778299093247,55.2099240850657,159.24
467,36.3777848146856,55.2097808383405,160.2
468,36.3777587469667,55.2096457220614,160.68
469,36.3777024205774,55.2095220051706,161.64
470,36.3776507042348,55.2094091009349,162.12
471,36.377616841346,55.2092672791332,162.12
472,36.3775746803731,55.2090612519532,162.6
473,36.3775463495404,55.2088832203299,164.04
474,36.3775148335844,55.2087346930057,164.52
475,36.3774882629514,55.2085865009576,165.48
476,36.377452975139,55.2084945514798,165.96
477,36.37744769454,55.2084769494832,165.48
478,36.3773637916893,55.2084187790752,166.45
479,36.3773424178362,55.2083657216281,167.41
480,36.3773615285754,55.2082454413176,168.37
481,36.3773348741233,55.2081265021115,169.33
482,36.3773251511157,55.2080921363086,169.81
483,36.3772923778743,55.2079871948808,170.77
484,36.3773028552532,55.2078734524548,172.21
485,36.3773057889193,55.2077695168555,173.66
486,36.3772896118462,55.2076584566385,175.58
487,36.3772601913661,55.2075751405209,176.54
488,36.3772210478783,55.2074763178825,177.98
489,36.3772896118462,55.2072473242879,179.9
490,36.3772807270288,55.2070873975754,181.83
491,36.3772565033287,55.2069478388876,183.75
492,36.3772089779377,55.2068430650979,184.71
493,36.3771583512425,55.2067195996642,186.15
494,36.3770901225507,55.2065944578499,187.11
495,36.3770427647978,55.2065734192729,187.11
496,36.3769823312759,55.2065199427307,188.08
497,36.3769433554262,55.2064463496208,188.56
498,36.3769309502095,55.2063010074198,189.04
499,36.3769213948399,55.2061897795647,189.52
500,36.3768052216619,55.2060268353671,190
501,36.376718217507,55.2059125900269,190.48
502,36.3766927365214,55.2058697585016,190
503,36.3766666688025,55.2058527432382,190
504,36.3765770662576,55.2056887932122,190.48
505,36.3765341509134,55.2055391762406,190.48
506,36.3765290379524,55.205476982519,190.96
507,36.3765234220773,55.2053247671574,190.48
508,36.3765018805861,55.205289227888,190.96
509,36.3764854520559,55.2051013056189,190.96
510,36.3764720410109,55.2049386128783,190.96
511,36.376448655501,55.2047642692924,190.96
512,36.3764205761254,55.2046192623675,190.96
513,36.3763819355518,55.2044749259949,191.44
514,36.3763356674463,55.2043508738279,191.44
515,36.3762888964266,55.2041993290186,192.4
516,36.3762124534696,55.2040640451014,191.92
517,36.3761106133461,55.2039394062012,191.44
518,36.3760962802917,55.203920211643,192.4
519,36.3760513532907,55.2038069721311,191.92
520,36.3759692106396,55.2037393301725,191.92
521,36.3756916858256,55.2036978397518,191.44
522,36.3754263147712,55.2036736160517,191.44
523,36.3752110674977,55.2036561816931,192.88
524,36.3750027772039,55.2036361489445,193.36
525,36.3747748732567,55.2036128472537,193.84
526,36.3745719473809,55.2035961672664,194.32
527,36.3743452169001,55.20358979702,194.8
528,36.3740798458457,55.2035720273852,195.77
529,36.3737861439586,55.2035353984684,195.28
530,36.3735237903893,55.203510671854,195.77
531,36.3733129017055,55.2034992724657,195.28
532,36.3730357121676,55.2034704387188,195.28
533,36.3728705048561,55.2034615539014,195.28
534,36.3728098198771,55.2034540940076,194.8
535,36.372479153797,55.203428613022,195.28
536,36.3721720408648,55.203399527818,195.28
537,36.3718556240201,55.2033774834126,194.8
538,36.3715523667634,55.2033532597125,194.8
539,36.3712813798338,55.2033326402307,194.32
540,36.3709981553257,55.2033086679876,193.84
541,36.3706854265183,55.2032852824777,193.84
542,36.3703672494739,55.2032614778727,193.36
543,36.3701150380075,55.203232979402,192.88
544,36.369838770479,55.2032151259482,193.36
545,36.3697054982185,55.2032289560884,193.36
546,36.3693728204817,55.203193500638,193.36
547,36.3690480217338,55.2031686902046,193.36
548,36.3686985801905,55.2031368389726,192.4
549,36.3684092368931,55.2031183987856,191.92
550,36.3681270182133,55.2030945103616,191.92
551,36.3678537681699,55.2030702028424,191.92
552,36.3675220962614,55.2030411176383,191.92
553,36.3672709744424,55.2030202466995,192.4
554,36.3669698964804,55.2029966935515,191.92
555,36.3667248934507,55.202960819006,191.92
556,36.366429682821,55.2029356732965,191.44
557,36.3661622162908,55.2029166463763,190.96
558,36.365869352594,55.2028906624764,190.96
559,36.3655760698021,55.2028795145452,190.48
560,36.3654430489987,55.2028614934534,190.48
561,36.3651328347623,55.2028277982026,190.48
562,36.364856986329,55.2028125431389,189.52
563,36.3648397196084,55.202810280025,189.52
564,36.3647017534822,55.2027956116945,190
565,36.3644542358816,55.2027854695916,189.52
566,36.3642945606261,55.202762838453,190
567,36.3642485439777,55.202757390216,190
568,36.3640633039177,55.2027491759509,190
569,36.3638867810368,55.2027334179729,190
570,36.3638731185347,55.2027353458107,190
571,36.3636297918856,55.2027181629092,189.52
572,36.3633970264345,55.2026905864477,189.52
573,36.3631110358983,55.2026617527008,189.04
574,36.3630501832813,55.2026620879769,189.04
575,36.3628284819424,55.202619927004,188.56
576,36.3626975566149,55.2026076056063,188.08
577,36.3624107278884,55.2025876566768,187.59
578,36.3621672336012,55.202588159591,187.59
579,36.3618742860854,55.2025620918721,187.11
580,36.361624756828,55.2025319170207,187.11
581,36.3615404348821,55.2025021612644,186.63
582,36.3614279497415,55.2024461701512,187.11
583,36.3613804243505,55.2023891732097,187.11
584,36.3613935001194,55.2023381274194,187.11
585,36.361429458484,55.2022699825466,187.11
586,36.3614613097161,55.2022272348404,187.59
587,36.3614915683866,55.2021859120578,187.59
588,36.361490227282,55.2021471876651,187.59
589,36.3615325558931,55.2021451760083,188.08
590,36.361534986645,55.2021256461739,187.59
591,36.3615592941642,55.2021277416497,188.08
592,36.361516630277,55.2021226286888,188.08
593,36.3614332303405,55.2021121513098,187.59
594,36.3614359963685,55.202128496021,187.59
595,36.3613966014236,55.2021068707108,187.59
596,36.3613460585475,55.2020769473165,187.59
597,36.3613403588533,55.2020182739943,187.59
598,36.3613102678209,55.201975107193,187.59
599,36.3612247724086,55.201935460791,188.08
600,36.3612351659685,55.2018847502768,188.56
601,36.3612647540867,55.2018152642995,188.56
602,36.3612856250256,55.2017684932798,189.04
603,36.3612929172814,55.201721303165,189.04
604,36.3612560369074,55.2016455307603,189.04
605,36.3612408656627,55.2016014419496,189.04
606,36.3612562045455,55.2015670761466,189.04
607,36.3612536061555,55.2015141863376,189.04
608,36.3612542767078,55.2014264278114,189.52
609,36.3612278737128,55.2013789024204,189.52
610,36.3612531032413,55.2013273537159,190.48
611,36.3613168057054,55.2013024594635,190.48
612,36.3613623194396,55.201242947951,190.48
613,36.3614329788834,55.20118762739,190.96
614,36.3615370821208,55.2011694386602,190.96
615,36.3615854457021,55.2011175546795,191.44
616,36.3616478070617,55.201110932976,191.44
617,36.3616397604346,55.2010742202401,191.92
618,36.3616690132767,55.2010483201593,191.92
619,36.3616627268493,55.2009914070368,192.4
620,36.3617025408894,55.2009397745133,192.4
621,36.3617328833789,55.2008798439056,192.4
622,36.3617197237909,55.2008001320064,192.4
623,36.3618339691311,55.2007085178047,192.4
624,36.3618533313274,55.2006146404892,192.4
625,36.3619213923812,55.2005581464618,192.88
626,36.3619884476066,55.2005185000598,192.88
627,36.3620074745268,55.2004901692271,192.88
628,36.3620589394122,55.2004751656205,192.4
629,36.362074026838,55.2004227787256,192.88
630,36.3621542416513,55.2003872394562,192.88
631,36.3621652219445,55.2003539633006,192.88
632,36.36216128245,55.2003426477313,192.88
633,36.3621359691024,55.2003382053226,192.88
634,36.3621043693274,55.2003314998001,192.88
635,36.3621002621949,55.2003193460405,192.88
636,36.3621513079852,55.2003340981901,192.4
637,36.3621556665748,55.2003333438188,192.88
638,36.3621425908059,55.2003314998001,192.88
639,36.3621807284653,55.2003548014909,193.36
640,36.362224901095,55.2003411389887,193.36
641,36.3622611109167,55.2003380376846,193.36
642,36.3622199557722,55.2003387920559,192.88
643,36.3622034434229,55.2003347687423,192.88
644,36.3621432613581,55.2003084495664,192.88
645,36.3620518986136,55.2002905961126,192.88
646,36.3619523216039,55.20028908737,193.36
647,36.3618041295558,55.2002828009427,192.88
648,36.3616501539946,55.2002621814609,193.36
649,36.3616281934083,55.2002542186528,191.44
650,36.3615574501455,55.2002577390522,192.88
651,36.3614529278129,55.2002442441881,191.92
652,36.3614110182971,55.2002560626715,192.4
653,36.3613593857735,55.2002527937293,192.88
654,36.3614116888493,55.2002630196512,192.4
655,36.3614520058036,55.2002983074635,192.4
656,36.3614193163812,55.200259834528,192.4
657,36.3613405264914,55.200201747939,191.92
658,36.3612598925829,55.2002727426589,191.92
659,36.3612080924213,55.2002463396639,192.4
660,36.3610575534403,55.200281040743,191.92
661,36.3609707169235,55.2003078628331,191.92
662,36.3608520291746,55.2002734132111,191.44
663,36.3607502728701,55.2002826333046,191.44
664,36.3605139870197,55.2003200165927,190.96
665,36.3603995740414,55.200362931937,190.96
666,36.3603010028601,55.2004154864699,190.96
667,36.3602723367512,55.2003687154502,190.96
668,36.3601012621075,55.2004066854715,190.96
669,36.3597572688013,55.2004669513553,190.96
670,36.3597528263927,55.2005325816572,190.48
671,36.359687615186,55.2005537040532,190
672,36.3595808297396,55.2005488425493,190
673,36.3594164606184,55.200593015179,190
674,36.3592614792287,55.2005941048265,189.04
675,36.3591279555112,55.2006050851196,189.04
676,36.3589765783399,55.2006010618061,189.04
677,36.3587293960154,55.2005999721587,189.04
678,36.3585531245917,55.2005998045206,189.04
679,36.3583056069911,55.200577089563,188.08
680,36.3581487815827,55.2006225194782,188.08
681,36.3579514715821,55.2006516885012,187.59
682,36.3577878568321,55.2006415463984,187.59
683,36.3577581848949,55.2006209269166,187.11
684,36.3576084002852,55.2006202563644,187.59
685,36.3573266007006,55.2007311489433,187.11
686,36.3571529276669,55.2007772494107,186.63
687,36.3572258502245,55.2008516807109,186.63
688,36.3571164663881,55.2009175624698,186.15
689,36.3569586351514,55.2009621541947,186.15
690,36.3568940106779,55.2009360026568,185.67
691,36.3567448966205,55.2009050734341,185.67
692,36.3565991353244,55.200851932168,185.67
693,36.3564520329237,55.2007960248739,185.67
694,36.3564530387521,55.200833491981,185.19
695,36.3563436549157,55.2008636668324,184.71
696,36.3562838919461,55.2008044905961,184.71
697,36.3561921939254,55.2007576357573,184.23
698,36.3560853246599,55.2007458172739,184.23
699,36.3560397271067,55.2007933426648,184.23
700,36.3559969794005,55.2008127048612,184.23
701,36.3559961412102,55.200875652954,184.23
702,36.3560234662145,55.2009398583323,183.75
703,36.3559910282493,55.2010458055884,183.27
704,36.3559383060783,55.2011526748538,181.83
705,36.3558735977858,55.2011402696371,181.83
706,36.3557397387922,55.2011764794588,181.35
707,36.3555829133838,55.2011945005506,181.35
708,36.355382502079,55.2012004517019,180.87
709,36.3552654907107,55.2011765632778,180.87
710,36.3551093358546,55.2011573687196,180.38
711,36.3550126925111,55.2011660020798,180.38
712,36.3549110200256,55.2011802513152,180.38
713,36.3547487463802,55.2011709474027,179.42
714,36.3546171505004,55.2011339832097,179.42
715,36.3545039948076,55.201071202755,179.42
716,36.3544290605932,55.2010033093393,178.94
717,36.3543568924069,55.200952431187,179.42
718,36.3543080259115,55.2009092643857,179.42
719,36.3542279787362,55.2008363418281,178.94
720,36.3542047608644,55.2007847093046,179.42
721,36.3541471771896,55.200732992962,179.42
722,36.3541038427502,55.2006793487817,179.42
723,36.354063609615,55.2006241120398,178.94
724,36.3539895135909,55.2005488425493,178.94
725,36.3539775274694,55.2004821226001,178.94
726,36.353944670409,55.2004415541887,178.46
727,36.3539305049926,55.2003864012659,178.46
728,36.3539249729365,55.2003092039376,178.46
729,36.3539155013859,55.2002985589206,178.94
730,36.3538220431656,55.2002857346088,178.46
731,36.3537654653192,55.2002377901226,177.5
732,36.3537211250514,55.2002098783851,177.5
733,36.3536536507308,55.2001994010061,177.02
734,36.3536917045712,55.2002159133554,177.02
735,36.3536393176764,55.2002245467156,177.5
736,36.3537244778126,55.2002058550716,177.02
737,36.3537036068738,55.2001522947103,177.02
738,36.3536472804844,55.2000942919403,176.54
739,36.3535759504884,55.2000401448458,176.54
740,36.353585254401,55.2000541426241,176.54
741,36.3535596895963,55.2000683080405,177.02
742,36.3535753637552,55.200085574761,177.02
743,36.3535569235682,55.2000529691577,177.02
744,36.3535421714187,55.2000181004405,176.54
745,36.3536316901445,55.2000314276666,176.54
746,36.3536428380758,55.2000254765153,176.54
747,36.3536427542567,55.2000110596418,177.02
748,36.3536153454333,55.200006114319,177.5
749,36.3536078855395,55.2000402286649,177.02
750,36.3536138366908,55.2000286616385,177.98
751,36.353614507243,55.2000578306615,177.5
752,36.3535938877612,55.2000442519784,177.98
753,36.3535343762487,55.2000244706869,177.5
754,36.3534184545279,55.2000046055764,177.5
755,36.3533090706915,55.2000082936138,177.5
756,36.3533035386354,55.1999887637794,177.5
757,36.3532089907676,55.1999607682228,177.5
758,36.3530719466507,55.1999367959797,177.02
759,36.3529685139656,55.1999200321734,176.06
760,36.3529232516885,55.1998698245734,176.54
761,36.3528131972998,55.199879296124,176.54
762,36.3527481537312,55.1998669747263,176.06
763,36.3526717945933,55.1999105606228,176.06
764,36.3526334054768,55.1998336147517,176.06
765,36.352575737983,55.1997659727931,176.54
766,36.3525051623583,55.1997349597514,176.06
767,36.3523466605693,55.1997331157327,175.58
768,36.3523480854928,55.1997946389019,175.58
769,36.3522528670728,55.1997632905841,176.06
770,36.3521262165159,55.1997786294669,176.54
771,36.3519581593573,55.1997463591397,175.58
772,36.3518641144037,55.1997351273894,176.06
773,36.3516695704311,55.1997707504779,176.06
774,36.3515656348318,55.199792040512,176.06
775,36.3515357952565,55.1998704951257,175.58
776,36.3514198735356,55.1999119017273,175.58
777,36.3513220567256,55.1999144162983,175.1
778,36.3512321189046,55.1998595986515,175.1
779,36.3511678297073,55.1998597662896,175.58
780,36.3510525785387,55.1998487859964,175.1
781,36.3509845174849,55.19980260171,175.1
782,36.3509191386402,55.1997741870582,175.1
783,36.3508476410061,55.199752561748,175.1
784,36.350844791159,55.1997202076018,175.58
785,36.3508263509721,55.1996825728566,175.58
786,36.3507330603898,55.1996464468539,174.62
787,36.3506748899817,55.1995731052011,175.1
788,36.3506077509373,55.1995446067303,175.58
789,36.3506054878235,55.1995010208338,175.58
790,36.350588304922,55.1994125079364,175.58
791,36.3505033124238,55.19934553653,175.58
792,36.350479926914,55.1992811635137,175.58
793,36.3505365885794,55.1992310397327,176.06
794,36.3506156299263,55.1991527527571,176.06
795,36.3505678530783,55.1991031318903,176.54
796,36.3504857104272,55.199075890705,176.06
797,36.3504433818161,55.1990157086402,176.06
798,36.3503915816545,55.1989717874676,176.06
799,36.3504421245307,55.1989284530282,176.06
800,36.3504149671644,55.1988707855344,175.58
801,36.350432317704,55.1988213323057,176.06
802,36.3504498358816,55.1987759862095,176.54
803,36.3503969460726,55.1987114455551,176.06
804,36.3503491692245,55.1986277103424,176.06
805,36.3502972852439,55.1985409576446,175.58
806,36.3503614068031,55.1984797697514,175.58
807,36.3504049926996,55.1984223537147,175.58
808,36.3504176493734,55.1983879879117,176.06
809,36.3503921683878,55.1983586512506,176.06
810,36.3503963593394,55.1983185857534,176.06
811,36.3504042383283,55.1982811186463,175.1
812,36.3503729738295,55.1982294861227,175.58
813,36.3503885641694,55.1982162427157,176.06
814,36.3503344170749,55.1981698069722,176.54
815,36.3503212574869,55.1981313340366,176.54
816,36.350281778723,55.1981068588793,176.06
817,36.3502264581621,55.1980268955231,176.06
818,36.3502049166709,55.1979600079358,175.58
819,36.3501740712672,55.1978942099959,175.58
820,36.3501426391303,55.1978333573788,175.58
821,36.3501245342195,55.1977727562189,175.58
822,36.3501059263945,55.1977278292179,176.06
823,36.3501485902816,55.1976736821234,175.58
824,36.3501104526222,55.1976100634784,175.1
825,36.3500925991684,55.1975507196039,176.06
826,36.3500689622015,55.1974845863879,175.1
827,36.3500295672566,55.1974324509502,175.58
828,36.350028142333,55.1973718497902,175.58
829,36.3500097859651,55.197320971638,175.1
830,36.3499612547457,55.1972679141909,175.1
831,36.349906437099,55.1971921417862,174.62
832,36.3498833030462,55.1971410121769,174.62
833,36.3498730771244,55.1971006952226,173.66
834,36.3498216122389,55.1970473863185,173.17
835,36.3498195167631,55.1970431115478,173.17
836,36.3498506136239,55.1970285270363,172.69
837,36.3498019147664,55.1969865337014,170.29
838,36.3497989811003,55.1969816721976,170.29
839,36.349782133475,55.1969576999545,171.73
840,36.3497714046389,55.1969014573842,171.25
841,36.3497805409133,55.1968483161181,169.81
842,36.349774422124,55.1968156266958,169.81
843,36.3497466780245,55.196776650846,169.33
844,36.3497302494943,55.1967260241508,167.89
845,36.3496520463377,55.1967076677829,167.41
846,36.3496425747871,55.1966986153275,167.89
847,36.3495975639671,55.1966781634837,167.41
848,36.3496147468686,55.1966695301235,167.41
849,36.3495035190135,55.1966258604079,166.93
850,36.3494659680873,55.1966051571071,166.93
851,36.349441325292,55.1965747307986,166.93
852,36.3493560813367,55.1965812686831,166.93
853,36.349311992526,55.1965525187552,165.96
854,36.3492951449007,55.1965482439846,166.45
855,36.349346190691,55.1965458132327,165.96
856,36.3493668939918,55.1965234335512,166.45
857,36.3493062090129,55.1965032331645,167.41
858,36.3492558337748,55.196486050263,166.93
859,36.3491812348366,55.1964659336954,167.41
860,36.3491262495518,55.1964574679732,167.41
861,36.3490737788379,55.1964262034744,167.41
862,36.349047459662,55.1964281313121,166.93
863,36.3490702584386,55.1964201685041,165.96
864,36.3490664865822,55.196388149634,166.93
865,36.3491001818329,55.1963576395065,166.45
866,36.3491036184132,55.1963697932661,166.45
867,36.3490322045982,55.1963354274631,166.45
868,36.3489225693047,55.1963169034571,166.93
869,36.3489452004433,55.1962841302157,166.45
870,36.348912846297,55.1962770055979,166.93
871,36.3489537499845,55.1962488424033,168.37
872,36.3489832542837,55.1962332520634,168.85
873,36.3489072304219,55.1962141413242,170.29
874,36.3489089906216,55.196195114404,170.77
875,36.3489120919257,55.1961696334183,171.25
876,36.3489988446236,55.1961464993656,171.73
877,36.3490620441735,55.1961176656187,171.25
878,36.3491375651211,55.1961071044207,171.73
879,36.3491998426616,55.1961088646203,172.21
880,36.3492235634476,55.19610802643,171.73
881,36.3492566719651,55.1960885804147,171.73
882,36.3493248168379,55.196100063622,171.73
883,36.3493789639324,55.196094699204,171.73
884,36.3494558259845,55.1960885804147,171.25
885,36.3494907785207,55.1960794441402,171.73
886,36.3495564926416,55.1960993930697,171.73
887,36.3496062811464,55.1961173303425,171.73
888,36.3496269006282,55.1961428951472,171.25
889,36.349613238126,55.1961638499051,170.77
890,36.3495902717113,55.1961887441576,170.77
891,36.3494958914816,55.1961619220674,171.25
892,36.3495553191751,55.1961708907038,170.77
893,36.3495445903391,55.1961478404701,170.29
894,36.3495875895023,55.1961853075773,170.29
895,36.349594630301,55.1961962878704,170.29
896,36.3495815545321,55.1961999759078,170.29
897,36.3496082928032,55.1961852237582,170.29
898,36.3495792914182,55.1962028257549,170.29
899,36.349642155692,55.196174075827,170.29
900,36.3496189378202,55.196187151596,170.29
901,36.3496591709554,55.1961911749095,170.29
902,36.3496115617454,55.1962034124881,170.29
903,36.349618434906,55.1962126325816,170.29
904,36.3496320974082,55.1961769256741,170.29
905,36.3496039342135,55.1961625926197,169.81
906,36.3495652936399,55.1961942762137,170.29
907,36.3495843205601,55.1961985509843,170.29
908,36.3495979830623,55.1962390355766,170.29
909,36.3495981507003,55.1961962878704,170.29
910,36.3496074546129,55.1961262151599,170.29
911,36.3496238831431,55.1961542107165,169.81
912,36.3495668023825,55.1961918454617,170.29
913,36.3496032636613,55.196131663397,170.29
914,36.3496135734022,55.1961420569569,170.29
915,36.3496133219451,55.1961558870971,170.29
916,36.3496058620512,55.1961402967572,169.81
917,36.3495351187885,55.1961765065789,170.29
918,36.3495001662523,55.196195198223,170.29
919,36.3495358731598,55.1961691305041,170.77
920,36.3495688140392,55.1961783505976,170.29
921,36.3495700713247,55.1961527019739,170.29
922,36.3496160879731,55.1961497683078,170.29
923,36.3496552314609,55.1961451582611,169.81
924,36.3495912775397,55.1961686275899,169.81
925,36.349621117115,55.1961690466851,170.29
926,36.3495955523103,55.1961863134056,170.29
927,36.349552217871,55.1961584854871,170.29
928,36.3495989050716,55.1961411349475,170.29
929,36.3496313430369,55.1961341779679,170.29
930,36.3495247252285,55.1962297316641,170.77
931,36.3495578337461,55.1961882412434,170.77
932,36.3496009167284,55.1961786858737,170.77
933,36.3495191093534,55.1962420530617,170.29
934,36.3495825603604,55.1961963716894,170.77
935,36.3495544809848,55.1961936894804,170.29
936,36.3496285770088,55.1961493492126,170.29
937,36.3495987374336,55.1961445715278,170.77
938,36.3495980668813,55.1961167436093,170.77
939,36.349594630301,55.1961087808013,170.29
940,36.3495975639671,55.1961288973689,170.29
941,36.3496113102883,55.1961432304233,170.29
942,36.3495921995491,55.1962052565068,170.29
943,36.3495953846723,55.1961783505976,169.81
944,36.349628996104,55.1961463317275,169.81
945,36.3495284132659,55.1961708907038,169.81
946,36.3495975639671,55.1961485948414,169.81
947,36.3496347796172,55.1961646880955,169.81
948,36.3496227934957,55.1961509417742,169.81
949,36.3496175967157,55.1961599942297,169.33
950,36.3495611026883,55.1961786020547,169.33
951,36.3495808839798,55.1961910910904,168.85
952,36.3496286608279,55.1961585693061,168.85
953,36.3495797105134,55.1962364371866,168.85
954,36.3496017549187,55.1962219364941,168.85
955,36.3496084604412,55.1961786020547,168.85
956,36.3494603522122,55.1961712259799,169.33
957,36.3495380524546,55.1961860619485,169.33
958,36.3495824765414,55.196184553206,169.33
959,36.3495871704072,55.1961996406317,169.33
960,36.3495776150376,55.1962044183165,169.33
961,36.3496030122042,55.1962049212307,169.81
962,36.3496166747063,55.196181870997,170.29
963,36.3495685625821,55.196229480207,169.81
964,36.3495922833681,55.1961995568126,169.81
965,36.3495467696339,55.1961863972247,170.29
966,36.3495124876499,55.1961742434651,170.77
967,36.3495354540646,55.1961746625602,170.77
968,36.3495724182576,55.1961968746036,170.29
969,36.3496349472552,55.1961559709162,170.77
970,36.3496149983257,55.1961736567318,170.77
971,36.3495819736272,55.1961730699986,170.77
972,36.349568227306,55.1961935218424,170.77
973,36.3496702350676,55.1960986386985,170.29
974,36.3495966419578,55.1961744949222,170.77
975,36.3495626952499,55.1961778476834,171.25
976,36.3495431654155,55.1961708907038,171.25
977,36.3496004138142,55.196163598448,170.29
978,36.3496135734022,55.1961866486818,169.33
979,36.3496372941881,55.1962391193956,169.81
980,36.3496398087591,55.196242807433,170.29
981,36.3496414013207,55.1962310727686,169.81
982,36.3496617693454,55.1962048374116,169.81
983,36.3496286608279,55.1961724832654,169.81
984,36.3496469333768,55.1962067652494,169.33
985,36.3496523816139,55.1962159853429,169.81
986,36.3496435806155,55.1962039154023,169.33
987,36.3496272359043,55.1961973775178,169.33
988,36.3496414851397,55.1962097827345,169.33
989,36.3496555667371,55.1961911749095,169.33
990,36.3496361207217,55.1961828768253,169.33
991,36.3496338576078,55.1961663644761,169.33
992,36.3496261462569,55.1961806975305,169.33
993,36.3496304210275,55.1961772609502,169.33
994,36.3496423233301,55.196189833805,169.33
995,36.3496284093708,55.1962049212307,169.33
996,36.3496512919664,55.1962147280574,169.33
997,36.3496351987123,55.1962185837328,169.81
998,36.3496417365968,55.1961889117956,169.33
999,36.3496390543878,55.1961934380233,169.81
1000,36.3496056105942,55.1962001435459,169.81
1001,36.349610388279,55.1962040830404,170.29
1002,36.3496224582195,55.1962177455425,170.29
1003,36.3496232964099,55.1961974613369,170.77
1004,36.3496186863631,55.19620584324,170.77
1005,36.3496508728713,55.1961964555085,170.77
1006,36.3496323488653,55.196187235415,170.77
1007,36.3496654573828,55.1961736567318,170.77
1008,36.3496610149741,55.1961942762137,170.77
1009,36.3496465142816,55.1962172426283,171.25
1010,36.3496938720345,55.196271724999,171.25
1011,36.349710971117,55.1962368562818,171.25
1012,36.3496616017073,55.1962103694677,171.25
1013,36.3496125675738,55.1961516123265,171.73
1014,36.3496372941881,55.1961224433035,171.73
1015,36.349621033296,55.1960940286517,172.21
1016,36.3496559020132,55.1961128879339,172.21
1017,36.3496172614396,55.1962046697736,172.69
1018,36.3496141601354,55.1961890794337,173.17
1019,36.3496592547745,55.1961744111031,173.17
1020,36.3496589194983,55.1962104532868,173.17
1021,36.3496719952673,55.1961890794337,173.66
1022,36.3496545609087,55.1961785182357,173.66
1023,36.3496721629053,55.1962023228407,173.66
1024,36.3496795389801,55.1962045859545,173.66
1025,36.3496636133641,55.1962053403258,173.66
1026,36.3496576622128,55.196213806048,173.66
1027,36.3495982345194,55.1961824577302,173.66
1028,36.3496217876673,55.1961782667786,173.66
1029,36.3496431615204,55.1961815357208,173.66
1030,36.3496631942689,55.1961936894804,173.66
1031,36.3496496155858,55.1961924321949,173.66
1032,36.3496493641287,55.1962045859545,173.66
1033,36.3496710732579,55.1961955334991,174.14
1034,36.3496300857514,55.1961887441576,173.66
1035,36.3496424071491,55.1961954496801,173.17
1036,36.3496228773147,55.1962023228407,173.66
1037,36.349631762132,55.1962115429342,173.66
1038,36.3496429938823,55.1961858104914,173.66
1039,36.3496279902756,55.1961604133248,173.66
1040,36.3496495317668,55.1961657777429,174.14
1041,36.3496506214142,55.1961992215365,174.14
1042,36.3497146591544,55.1961843855679,173.66
1043,36.3496778625995,55.1962036639452,173.66
1044,36.3496821373701,55.1961734890938,173.66
1045,36.3496650382876,55.1961622573435,173.17
1046,36.3496745098382,55.1961170788854,173.66
1047,36.3497013319284,55.1961395423859,173.66
1048,36.349644837901,55.1961439847946,174.14
1049,36.3495400641114,55.1961511094123,173.66
1050,36.3494948018342,55.1961710583419,173.66
1051,36.349483653903,55.1961504388601,174.14
1052,36.3495157565922,55.196158066392,173.66
1053,36.349510056898,55.1961774285883,173.66
1054,36.3495010044426,55.1961880736053,173.66
1055,36.3495079614222,55.196166196838,173.66
1056,36.3494939636439,55.1961678732187,173.66
1057,36.3494854979217,55.1961633469909,173.66
1058,36.3494987413287,55.1961120497435,174.14
1059,36.3494927063584,55.1961050089449,174.14
1060,36.3494851626456,55.196150355041,174.14
1061,36.349486336112,55.1961481757462,174.14
1062,36.3494870904833,55.1961361058056,174.14
1063,36.3495161756873,55.1961356867105,174.62
1064,36.3495091348886,55.196145074442,174.62
1065,36.3495201990008,55.196158066392,174.62
1066,36.3495139963925,55.1961717288941,174.62
1067,36.3495627790689,55.1961546298117,174.62
1068,36.3495383039117,55.1961390394718,174.62
1069,36.349533945322,55.1961331721395,174.62
1070,36.3495427463204,55.1961314957589,174.62
1071,36.3495508767664,55.1961737405509,174.14
1072,36.3495572470128,55.1961708907038,174.62
1073,36.3495648745447,55.1961699686944,174.14
1074,36.3495626114309,55.196166113019,174.14
1075,36.3495477754623,55.1961675379425,174.14
1076,36.3495611865073,55.1961490139365,173.66
1077,36.3495578337461,55.1961448229849,173.66
1078,36.3495699875057,55.1961621735245,173.66
1079,36.3495685625821,55.1961869001389,173.17
1080,36.3495511282235,55.196152953431,173.17
1081,36.3495332747698,55.1961190905422,173.17
1082,36.3495383877307,55.1961312443018,173.66
1083,36.3495429139584,55.1961388718337,173.66
1084,36.3495499547571,55.1961576472968,174.14
1085,36.3495475240052,55.1961499359459,174.14
1086,36.3495454285294,55.1961625088006,173.66
1087,36.3495728373528,55.1961656939238,173.66
1088,36.3495876733214,55.1961444038898,173.66
1089,36.349541656673,55.1961504388601,173.66
1090,36.3495310116559,55.1961471699178,173.66
1091,36.3495296705514,55.1961481757462,173.66
1092,36.3495317660272,55.196131663397,173.66
1093,36.3495407346636,55.1961041707546,174.14
1094,36.3495409861207,55.1960935257375,174.14
1095,36.3495319336653,55.196100147441,173.66
1096,36.3495398126543,55.1961169112474,173.66
1097,36.3495398964733,55.1961584854871,173.66
1098,36.3495570793748,55.1961679570377,173.66
1099,36.3495396450162,55.196163598448,173.66
1100,36.3495357055217,55.1961569767445,173.66
1101,36.3495492003858,55.1961771771312,173.17
1102,36.3495170138776,55.196150355041,173.17
1103,36.3495146669447,55.1961311604828,173.66
1104,36.3495139963925,55.1961170788854,173.66
1105,36.3495151698589,55.1961532048881,173.66
1106,36.3495625276119,55.1961547136307,173.66
1107,36.3495253119618,55.1961465831846,173.17
1108,36.3495236355811,55.1961409673095,173.66
1109,36.3495388906449,55.1961544621736,173.66
1110,36.3495715800673,55.196197712794,173.66
1111,36.3495948817581,55.1961752492934,173.66
1112,36.3496434129775,55.1961577311158,173.66
1113,36.349578788504,55.1961465831846,173.17
1114,36.3495367113501,55.196102662012,173.66
1115,36.3495264016092,55.1961213536561,174.14
1116,36.3495185226202,55.1961376983672,173.66
1117,36.3495331071317,55.1961603295058,173.66
1118,36.3495414052159,55.1961624249816,173.66
1119,36.3495604321361,55.1961392909288,174.14
1120,36.349510140717,55.1961262989789,174.14
1121,36.3495305087417,55.1961216051131,174.14
1122,36.3495480269194,55.1961160730571,174.14
1123,36.3495611026883,55.196081623435,174.14
1124,36.3495587557554,55.1961099542677,173.66
1125,36.349570909515,55.196144906804,173.66
1126,36.3495491165668,55.1961701363325,173.66
1127,36.349565461278,55.1961573958397,174.14
1128,36.3495247252285,55.1961309090257,173.66
1129,36.3495468534529,55.1961525343359,173.17
1130,36.3495626952499,55.1961724832654,174.14
1131,36.349547021091,55.1961906719953,173.66
1132,36.3495574984699,55.1961796078831,173.17
1133,36.3495087157935,55.1962086092681,173.66
1134,36.349494215101,55.1961904205382,173.66
1135,36.3495322689414,55.1961623411626,173.66
1136,36.3495225459337,55.1961498521268,173.17
1137,36.3495176844299,55.1961724832654,173.17
1138,36.3495466858149,55.1961749978364,173.17
1139,36.3495635334402,55.1962106209248,172.69
1140,36.3495388906449,55.1962131354958,172.69
1141,36.3495353702456,55.1961982995272,172.69
1142,36.3495264016092,55.1962433103472,172.69
1143,36.3495409861207,55.196221768856,172.69
1144,36.3495611026883,55.1961963716894,172.69
1145,36.3495495356619,55.1962263789028,173.17
1146,36.3495673052967,55.1962844654918,173.17
1147,36.3495780341327,55.1962912548333,173.17
1148,36.349555067718,55.1962288096547,173.17
1149,36.3495620246977,55.1961932703853,173.17
1150,36.3495349511504,55.1962360180914,173.17
1151,36.3495343644172,55.1962174102664,173.17
1152,36.3495193608105,55.1962236966938,173.66
1153,36.3495209533721,55.1962185837328,173.66
1154,36.3495440036058,55.1961840502918,173.66
1155,36.3495274912566,55.1961869001389,173.66
1156,36.3495070394129,55.1961855590343,173.66
1157,36.3495053630322,55.1961727347225,173.66
1158,36.3494949694723,55.1961967069656,173.66
1159,36.3494975678623,55.1961874868721,173.66
1160,36.3494858331978,55.1961824577302,173.66
1161,36.3494976516813,55.1961869839579,173.66
1162,36.3495004177094,55.1961875706911,173.17
1163,36.3495050277561,55.1961805298925,173.17
1164,36.3495110627264,55.1961730699986,173.66
1165,36.3495668862015,55.1962433103472,173.17
1166,36.3495565764606,55.1962535362691,173.66
1167,36.3495440874249,55.1962485909462,173.17
1168,36.3494709134102,55.1962043344975,173.66
1169,36.3494430016726,55.1961732376367,173.66
1170,36.3495033513755,55.1962125487626,173.66
1171,36.3495219592005,55.1962135545909,173.66
1172,36.3494541496038,55.1961415540427,173.66
1173,36.3494212087244,55.1960997283459,174.14
1174,36.349547021091,55.1961348485202,174.14
1175,36.3495714962483,55.1961810328066,173.66
1176,36.3495753519237,55.1961712259799,173.66
1177,36.3495268207043,55.1961403805763,173.66
1178,36.3494972325862,55.1961633469909,173.17
1179,36.3495299220085,55.1962380297482,173.66
1180,36.3495247252285,55.196245405823,173.66
1181,36.3495678920299,55.1962316595018,173.66
1182,36.3495766092092,55.1962392032147,173.66
1183,36.349518019706,55.196187235415,173.66
1184,36.3494832348078,55.1961764227599,173.66
1185,36.349502010271,55.1961850561202,173.66
1186,36.3494839891791,55.1961270533502,173.66
1187,36.3494919519871,55.1961237005889,173.17
1188,36.3495397288352,55.1961567252874,173.17
1189,36.3495298381895,55.1961406320333,173.17
1190,36.3495328556746,55.1961414702237,173.17
1191,36.3495317660272,55.196144990623,173.17
1192,36.3495150022209,55.1961399614811,173.17
1193,36.3495447579771,55.1961384527385,173.17
1194,36.3495385553688,55.1961254607886,173.17
1195,36.3495064526796,55.1961251255125,173.66
1196,36.3495299220085,55.196110541001,173.66
1197,36.3495301734656,55.1961095351726,173.17
1198,36.3495517987758,55.1961055118591,173.66
1199,36.3496037665755,55.1961146481335,173.17
1200,36.3495506253093,55.196176841855,173.66
1201,36.34954450652,55.196160916239,173.66
1202,36.3494994957,55.1961401291192,173.66
1203,36.349523300305,55.1961368601769,173.66
1204,36.3495398126543,55.1961646880955,173.66
1205,36.349507458508,55.1961702201515,173.66
1206,36.3495033513755,55.1961600780487,173.66
1207,36.3495148345828,55.1961438171566,173.66
1208,36.3494849950075,55.1961002312601,173.66
1209,36.3495144993067,55.1961236167699,173.66
1210,36.3494834024459,55.1960698049515,173.66
1211,36.3494981545955,55.1961314957589,173.66
1212,36.3495108950883,55.1961220242083,173.17
1213,36.3494823966175,55.1961193419993,173.66
1214,36.3495001662523,55.1961064338684,173.66
1215,36.3494849111885,55.1960877422243,173.66
1216,36.3494973164052,55.1960777677596,173.66
1217,36.3494902756065,55.1960786059499,173.66
1218,36.3494795467705,55.1961170788854,173.66
1219,36.3494751043618,55.1961088646203,173.66
1220,36.3494898565113,55.19611322321,173.66
1221,36.3494979031384,55.196131747216,173.17
1222,36.349533861503,55.1961217727512,173.66
1223,36.3495354540646,55.1961254607886,173.17
1224,36.3495808001608,55.1961606647819,173.17
1225,36.3495573308319,55.1961516123265,173.17
1226,36.3495353702456,55.1961366925389,173.17
1227,36.3495357893407,55.1961314119399,173.17
1228,36.3495414052159,55.1961288135499,173.17
1229,36.3495150860399,55.1961413025856,173.17
1230,36.3495367951691,55.1961445715278,173.17
1231,36.349560180679,55.1961480919272,172.69
1232,36.3495527207851,55.1961405482143,172.69
1233,36.3495357055217,55.196129148826,172.69
1234,36.3495155889541,55.196142392233,172.69
1235,36.3495279941708,55.1961539592594,172.69
1236,36.3495134096593,55.1961514446884,172.69
1237,36.349510056898,55.1961366087198,172.69
1238,36.3495385553688,55.1961603295058,172.69
1239,36.3495805487037,55.1961603295058,172.69
1240,36.3495907746255,55.1961605809629,172.69
1241,36.3495637010783,55.1961823739111,172.69
1242,36.3495565764606,55.1961836311966,172.69
1243,36.3495402317494,55.1961848046631,172.21
1244,36.3495554029942,55.1961653586477,172.69
1245,36.3495236355811,55.1961786020547,172.69
1246,36.349523384124,55.196150187403,172.21
1247,36.3495274074376,55.1961357705295,172.21
1248,36.349536543712,55.1960989739746,172.69
1249,36.3495419919491,55.1961340941489,172.21
1250,36.3495086319745,55.1961190067232,172.69
1251,36.3495114818215,55.1961157377809,172.69
1252,36.3495045248419,55.1961418054998,172.69
1253,36.3494771160185,55.1961563061923,172.21
1254,36.3494946341962,55.1961568091065,172.21
1255,36.3494918681681,55.196134345606,172.21
1256,36.3494823127985,55.1961142290384,172.21
1257,36.3495450932533,55.1961614191532,171.73
1258,36.3495538942516,55.1961755845696,172.21
1259,36.3495721668005,55.1961866486818,171.73
1260,36.3495941273868,55.1961749140173,171.73
1261,36.3495559897274,55.1961995568126,172.21
1262,36.3495207857341,55.1961864810437,171.73
1263,36.3495607674122,55.1961506903171,171.73
1264,36.3495782017708,55.1961351837963,171.73
1265,36.3495174329728,55.1961832959205,171.25
1266,36.3495454285294,55.1961427275091,171.73
1267,36.3495782017708,55.1961495168507,171.73
1268,36.3495888467878,55.1961569767445,171.73
1269,36.3496248889714,55.1961561385542,171.73
1270,36.3496160041541,55.1961553841829,172.21
1271,36.3496082089841,55.196147672832,171.73
1272,36.3495812192559,55.1961715612561,172.21
1273,36.3495574146509,55.196192599833,171.73
1274,36.3495766092092,55.1961626764387,171.73
1275,36.3495899364352,55.1961709745228,171.73
1276,36.3495599292219,55.1961811166257,171.73
1277,36.3496030122042,55.1961541268974,171.73
1278,36.3495615217835,55.1961862295866,171.73
1279,36.3495658803731,55.1961708907038,171.73
1280,36.3495809677988,55.1961658615619,171.25
1281,36.3495742622763,55.1961835473776,171.25
1282,36.3496110588312,55.1961886603385,171.25
1283,36.3496548961848,55.1961812842637,171.25
1284,36.3496486935765,55.1961376983672,171.25
1285,36.349581470713,55.1961527857929,171.25
1286,36.3495755195618,55.1961694657803,171.25
1287,36.3496124837547,55.1961831282824,170.77
1288,36.3495878409594,55.1961537078023,171.25
1289,36.3495897687972,55.1961721479893,171.25
1290,36.3495670538396,55.1961749140173,171.25
1291,36.3495955523103,55.1961895823479,170.77
1292,36.3495880085975,55.1961718965322,171.25
1293,36.3495802972466,55.1961749140173,171.25
1294,36.349576106295,55.1961804460734,171.25
1295,36.3495872542262,55.1961998082697,171.25
1296,36.3496066164225,55.1961967069656,171.25
1297,36.3495753519237,55.1961707230657,171.25
1298,36.3495818059892,55.196168879047,171.25
1299,36.3495795428753,55.1961678732187,171.25
1300,36.3496457599104,55.1961408834904,171.25
1301,36.3496862445027,55.1961285620928,171.73
1302,36.349724130705,55.1961404643953,171.73
1303,36.3497185986489,55.1961573120207,172.21
1304,36.3496546447277,55.1961643528193,172.21
1305,36.3496219553053,55.1962035801262,172.21
1306,36.3495388068259,55.1961592398584,172.21
1307,36.3495695684105,55.1961667835712,172.21
1308,36.3495943788439,55.1961704716086,171.73
1309,36.3495513796806,55.1961827091873,172.21
1310,36.349597228691,55.1962179969996,172.21
1311,36.349573591724,55.1962147280574,172.21
1312,36.3495596777648,55.1961997244507,172.21
1313,36.3495897687972,55.1962009817362,171.73
1314,36.3495652098209,55.1961987186223,172.21
1315,36.3495558220893,55.1962116267532,171.73
1316,36.3495995756239,55.1962065137923,172.21
1317,36.349584069103,55.196174075827,171.73
1318,36.3495725858957,55.196163598448,171.73
1319,36.3496144954115,55.1961441524327,171.73
1320,36.3495958875865,55.1961533725262,172.21
1321,36.3495948817581,55.1961391232908,172.21
1322,36.3495996594429,55.1961705554277,172.21
1323,36.3495914451778,55.196160916239,172.21
1324,36.3495908584446,55.1961504388601,171.73
1325,36.3495808001608,55.1961860619485,171.73
1326,36.3495590910316,55.1961603295058,172.69
1327,36.3495430815965,55.1961639337242,172.69
1328,36.3495222106576,55.1961542945355,172.69
1329,36.3495563250035,55.1961457449943,172.69
1330,36.349531263113,55.1961473375559,172.69
1331,36.3495467696339,55.1961566414684,172.69
1332,36.3495498709381,55.1961674541235,172.69
1333,36.3495713286102,55.1961865648627,172.21
1334,36.3495932891965,55.1962118782103,171.25
1335,36.3495751004666,55.196234760806,170.29
1336,36.3496270682663,55.1962688751519,169.81
1337,36.3496801257133,55.1963165681809,168.37
1338,36.3496784493327,55.1963663566858,168.37
1339,36.3497012481093,55.196398710832,168.85
1340,36.3497129827738,55.1964420452714,168.85
1341,36.3497287407517,55.1964614912868,169.33
1342,36.3497765175998,55.1964916661382,168.85
1343,36.349837789312,55.1965211704373,167.89
1344,36.349851032719,55.1965298037976,167.89
1345,36.349837789312,55.1965555362403,168.85
1346,36.3498401362449,55.1965495850891,168.85
1347,36.3498341012746,55.1965531054884,169.33
1348,36.3498468417674,55.1965954340994,169.81
1349,36.349858827889,55.196649832651,170.77
1350,36.3498977199197,55.1966847013682,171.73
1351,36.3499309122562,55.1966950949282,171.73
1352,36.3499812874943,55.1967203244567,171.25
1353,36.3500613346696,55.1967805903405,172.21
1354,36.3500189222395,55.1967822667211,172.69
1355,36.3500428944826,55.1968102622777,173.17
1356,36.3500607479364,55.1968395151198,172.69
1357,36.3501322455704,55.196861224249,174.14
1358,36.3501859735698,55.1969084981829,174.62
1359,36.3501687068492,55.1969568617642,175.58
1360,36.3501588162035,55.1969970110804,176.54
1361,36.3502147234976,55.1970733702183,177.5
1362,36.3502838741988,55.1971110887825,177.5
1363,36.3502908311784,55.1971144415438,177.5
1364,36.3502755761147,55.1971196383238,177.98
1365,36.3503515999764,55.1971478853375,177.98
1366,36.3505660090595,55.1971520762891,178.46
1367,36.3505845330656,55.1971528306603,177.98
1368,36.3508012052625,55.1971814129502,178.94
1369,36.3509354833513,55.1971631404012,178.46
1370,36.3511199690402,55.1971645653248,178.94
1371,36.3512586895376,55.197170348838,179.42
1372,36.3514148443937,55.1971932314336,179.42
1373,36.3515274971724,55.1971920579672,179.9
1374,36.3516866695136,55.1972070615739,179.9
1375,36.3518238812685,55.1972249988467,179.9
1376,36.3520464207977,55.1972403377294,179.9
1377,36.3521544635296,55.1972426008433,180.38
1378,36.3524221815169,55.1972146891057,180.38
1379,36.3525329064578,55.1972115878016,180.87
1380,36.352771371603,55.1971940696239,180.87
1381,36.3529638200998,55.1971813291311,181.35
1382,36.3530706055462,55.1971603743732,181.35
1383,36.3531508203596,55.1972035411745,181.35
1384,36.3531618844718,55.1972665730864,181.83
1385,36.3531794864684,55.1973073929548,181.35
1386,36.3532176241279,55.1973539125174,181.83
1387,36.3532254192978,55.1974151842296,182.31
1388,36.3532455358654,55.1974907051772,182.31
1389,36.3532700948417,55.1975736021995,182.31
1390,36.3532573543489,55.1976246479899,182.31
1391,36.3532928936184,55.1976455189288,182.31
1392,36.3532746210694,55.1976664736867,181.83
1393,36.3532845117152,55.1977057848126,181.83
1394,36.3533339649439,55.197783485055,181.83
1395,36.3533258344978,55.1978462655097,181.35
1396,36.3533239066601,55.1978704892099,181.35
1397,36.3533753715456,55.1979357842356,180.87
1398,36.3533826638013,55.1979714911431,181.35
1399,36.3534125871956,55.1980351097882,180.87
1400,36.3534196279943,55.1980895921588,180.87
1401,36.353408312425,55.1981418114156,180.87
1402,36.3534484617412,55.1982000656426,180.38
1403,36.3534698355943,55.1982657797635,180.38
1404,36.3534554187208,55.1983558014035,179.9
1405,36.3534863479435,55.1984418835491,178.94
1406,36.3534943945706,55.1985383592546,178.94
1407,36.3534873537719,55.1986048277467,178.94
1408,36.3535128347576,55.1986678596586,178.46
1409,36.353535046801,55.198756204918,178.46
1410,36.353558851406,55.1988452207297,178.46
1411,36.3535744417459,55.1988899800927,178.46
1412,36.3535971567035,55.1989652495831,177.98
1413,36.3536074664444,55.1990173012018,177.5
1414,36.3536316063255,55.1990888826549,177.98
1415,36.3536568358541,55.199176222086,177.5
1416,36.3536873459816,55.1992501504719,177.5
1417,36.3537108991295,55.1993209775537,177.5
1418,36.3537146709859,55.1993737835437,177.02
1419,36.3537621125579,55.199453830719,177.02
1420,36.3537849113345,55.1995255798101,177.02
1421,36.3537997473031,55.1996037829667,176.54
1422,36.3538341131061,55.1996799744666,176.06
1423,36.35383637622,55.1997426711023,176.06
1424,36.3538722507656,55.1997998356819,176.06
1425,36.3539056945592,55.1998605206609,176.06
1426,36.3539570756257,55.1998919527978,176.06
1427,36.3539565727115,55.1999434176832,176.06
1428,36.3539994042367,55.200008712709,176.06
1429,36.3540145754814,55.2000391390175,176.54
1430,36.3540283218026,55.200109127909,176.54
1431,36.3540234602988,55.2002188470215,176.06
1432,36.3540405593812,55.2002848125994,176.54
1433,36.3540641963482,55.2003532927483,176.54
1434,36.3540870789438,55.2004433982074,176.06
1435,36.3541154935956,55.2004823740572,176.06
1436,36.3540949579328,55.2005443163216,176.54
1437,36.3540677167475,55.2006508503109,176.54
1438,36.3541167508811,55.200733076781,176.06
1439,36.3541637733579,55.2008218411356,176.06
1440,36.3542517833412,55.2008953504264,176.06
1441,36.3543911743909,55.2009816840291,176.54
1442,36.354449680075,55.2010420337319,176.06
1443,36.3545643445104,55.2011259365827,176.06
1444,36.3546798471361,55.201192907989,176.06
1445,36.3547814358026,55.2011880464852,176.06
1446,36.3549671787769,55.2011679299176,176.54
1447,36.3551136944443,55.2011685166508,176.54
1448,36.3552442844957,55.2011759765446,176.54
1449,36.3553063105792,55.2011753898114,176.54
1450,36.3553395867348,55.2012162934989,176.54
1451,36.3554919697344,55.2012026309967,177.02
1452,36.3556311093271,55.2011797484011,177.02
1453,36.3558104820549,55.2011808380485,177.5
1454,36.3559838198125,55.2011781558394,177.5
1455,36.3560964725912,55.2012580353767,178.46
1456,36.356286238879,55.2012411039323,178.46
1457,36.3564354367554,55.2011972665787,179.42
1458,36.3566003926098,55.2011547703296,179.42
1459,36.3567640911788,55.2011158782989,179.9
1460,36.356867691502,55.2010914031416,179.42
1461,36.3569688610733,55.2010592166334,179.42
1462,36.3571680989116,55.2010256052017,180.38
1463,36.3572621438652,55.2010018844158,180.87
1464,36.3572659157217,55.2009328175336,180.87
1465,36.3573368266225,55.200891494751,180.87
1466,36.3574484735727,55.2009069174528,180.87
1467,36.3575402554125,55.2009409479797,180.87
1468,36.3576798141003,55.2009410317987,181.35
1469,36.3578495476395,55.2009462285787,181.35
1470,36.3579941354692,55.2008821908385,181.83
1471,36.3581393100321,55.2009049896151,181.35
1472,36.3583253882825,55.200910186395,181.83
1473,36.3584124762565,55.2008891478181,182.31
1474,36.3584845606238,55.2008475735784,182.31
1475,36.3585884962231,55.200748834759,181.83
1476,36.358691258356,55.2007256168872,182.31
1477,36.3588095270097,55.2008620742708,182.79
1478,36.358937015757,55.2008724678308,183.27
1479,36.3591165561229,55.2007345017046,183.27
1480,36.3592377584428,55.2007078472525,183.27
1481,36.3593779876828,55.2006522752345,183.75
1482,36.3595203123987,55.2006206754595,183.75
1483,36.3596891239285,55.2005808614194,184.23
1484,36.3597906287759,55.2005545422435,184.23
1485,36.3599473703653,55.2004861459136,184.23
1486,36.3600610289723,55.200457982719,184.23
1487,36.3602207042277,55.2004035003483,184.23
1488,36.3603383023292,55.200415737927,183.75
1489,36.3605293259025,55.2003377024084,184.23
1490,36.3606795296073,55.2003013249487,183.75
1491,36.3608177471906,55.2002853155136,184.23
1492,36.3609118759632,55.2002714015544,183.75
1493,36.3610842917114,55.2003065217286,184.71
1494,36.3612077571452,55.2003083657473,184.71
1495,36.361315632239,55.2003521192819,184.71
1496,36.3614447973669,55.2002524584532,184.71
1497,36.3615797460079,55.2002377901226,184.71
1498,36.3615846075118,55.2002843935043,184.71
1499,36.3617458753288,55.2003172505647,184.71
1500,36.3619213085622,55.2003884967417,184.23
1501,36.3620574306697,55.2003875747323,185.19
1502,36.3622136693448,55.2004411350936,184.71
1503,36.3623221311718,55.2005105372518,185.19
1504,36.3625218719244,55.2005625888705,185.67
1505,36.3626853190363,55.2005459088832,186.15
1506,36.3628158252686,55.2005490940064,185.67
1507,36.3629051763564,55.2005851361901,186.63
1508,36.3629628438503,55.200582286343,186.15
1509,36.3630076870322,55.2005311567336,186.15
1510,36.3630443159491,55.2004811167717,186.15
1511,36.3631104491651,55.2004487626255,186.63
1512,36.363141881302,55.2004036679864,186.15
1513,36.3632539473474,55.2003874909133,186.63
1514,36.363374479115,55.2003535442054,187.11
1515,36.363503979519,55.2003469225019,187.11
1516,36.3636262714863,55.200325967744,187.11
1517,36.3636639062315,55.2003571484238,186.63
1518,36.3636960089207,55.2004321664572,187.11
1519,36.3637535087764,55.2004796080291,187.11
1520,36.3638662453741,55.2004957012832,187.59
1521,36.3639236614108,55.2005324978381,187.11
1522,36.3640065584332,55.2005737368017,187.11
1523,36.3642100710422,55.200571808964,187.11
1524,36.3643534854055,55.2005675341934,187.11
1525,36.3644165173173,55.2005756646395,187.11
1526,36.364420959726,55.2005697973073,186.63
1527,36.3643776252866,55.2005672827363,186.63
1528,36.3643931318074,55.2005571406335,187.59
1529,36.3643570058048,55.2006070967764,187.11
1530,36.3643584307283,55.2006184123456,187.11
1531,36.3644697424024,55.2006226871163,187.11
1532,36.364606032148,55.2006058394909,187.11
1533,36.3647263962775,55.2005892433226,187.11
1534,36.3648806232959,55.2006055880338,187.11
1535,36.3650164101273,55.2005899976939,187.59
1536,36.3652310706675,55.2005504351109,187.59
1537,36.3653198350221,55.2005433104932,188.08
1538,36.3652972038835,55.2005563862622,187.59
1539,36.3653688691557,55.2005747426301,188.08
1540,36.3655366748571,55.2005727309734,188.08
1541,36.3655788358301,55.200571808964,188.56
1542,36.3656251877546,55.2005546260625,188.56
1543,36.3658199831843,55.2005616668612,188.08
1544,36.365930205211,55.2005632594228,188.56
1545,36.3660908024758,55.200569126755,188.56
1546,36.3661971688271,55.2005751617253,189.04
1547,36.3662320375443,55.2005728147924,189.04
1548,36.366453403607,55.2005807776004,189.52
1549,36.366664879024,55.2005884051323,189.52
1550,36.3668848201632,55.2005925960839,189.52
1551,36.3669382967055,55.200590165332,189.52
1552,36.3671765103936,55.2006174903363,190
1553,36.3674483355135,55.2006469946355,190
1554,36.3675438892096,55.2006538677961,190
1555,36.3676419574767,55.2006593160331,190
1556,36.3679159618914,55.2006760798395,190
1557,36.3681988511235,55.2006765827537,190.48
1558,36.3684491347521,55.2006822824478,191.44
1559,36.3684736937284,55.2006804384291,191.44
1560,36.3685053773224,55.2006840426475,191.44
1561,36.3687456864864,55.2007131278515,191.92
1562,36.3687756098807,55.2007136307657,191.92
1563,36.3690023403615,55.2007184922695,192.4
1564,36.3691999856383,55.2007523551583,192.4
1565,36.3694013189524,55.2007691189647,192.4
1566,36.3696065079421,55.2007762435824,192.4
1567,36.3698355853558,55.2008012216538,192.4
1568,36.3700101803988,55.2008183207363,192.88
1569,36.3701941631734,55.2008433826268,192.88
1570,36.3704147748649,55.2008907403797,192.88
1571,36.3704770524055,55.200883531943,193.36
1572,36.3707332871854,55.2008246071637,193.84
1573,36.3708439283073,55.2007538639009,193.84
1574,36.3709588441998,55.2007697056979,194.32
1575,36.3710371311754,55.2007790096104,194.32
1576,36.3712241314352,55.2008271217346,194.32
1577,36.3714180048555,55.2008790895343,194.8
1578,36.3715796917677,55.2009262796491,195.28
1579,36.371760321781,55.2009771578014,195.28
1580,36.3719221763313,55.2010277844966,195.28
1581,36.3720451388508,55.2010810095817,195.77
1582,36.3720788341016,55.2010914869606,195.28
1583,36.3723148684949,55.2011361625045,195.28
1584,36.3725408446044,55.2011634036899,195.77
1585,36.3727376516908,55.2012257650495,195.28
1586,36.3728977460414,55.2012512460351,195.28
1587,36.3732013385743,55.201309164986,194.8
1588,36.373441061005,55.2013601269573,194.32
1589,36.3736247085035,55.2013871166855,194.8
1590,36.373800393194,55.2014421019703,194.32
1591,36.3738668616861,55.2014574408531,194.32
1592,36.3738807756454,55.2014691755176,193.84
1593,36.3741346634924,55.2015327103436,194.32
1594,36.3741454761475,55.2015553414822,194.32
1595,36.3741680234671,55.2015842590481,194.32
1596,36.3742037303746,55.2016189601272,194.32
1597,36.3741818536073,55.201599933207,194.32
1598,36.3741635810584,55.2015929762274,194.8
1599,36.3741631619632,55.2015763800591,194.8
1600,36.3743613939732,55.2015425171703,195.28
1601,36.37415997684,55.2015881147236,194.8
1602,36.3742652535438,55.2015719376504,194.8
1603,36.3743187300861,55.2015669923276,194.32
1604,36.3745100889355,55.2016322873533,194.8
1605,36.3747040461749,55.2016329579055,194.8
1606,36.3749039545655,55.2016099914908,194.8
1607,36.3751182798296,55.2015935629606,195.77
1608,36.3753529731184,55.2015978377312,196.25
1609,36.3755113910884,55.2015975024551,197.21
1610,36.3757306616753,55.2016244083643,196.73
1611,36.3758599106222,55.2016446087509,197.21
1612,36.3759395387024,55.2016517333686,197.21
1613,36.3761918339878,55.2016890328377,198.17
1614,36.3763779122382,55.2017140947282,198.17
1615,36.3765790779144,55.2017354685813,198.65
1616,36.3768196385354,55.2017546631396,199.13
1617,36.3770576845855,55.201768912375,199.61
1618,36.3772973231971,55.2017843350768,199.61
1619,36.3774259854108,55.2017958182841,199.61
1620,36.3774999137968,55.2017902862281,199.61
1621,36.3777563162148,55.2017978299409,200.57
1622,36.3779896683991,55.2018289268017,201.05
1623,36.3782022334635,55.2018313575536,200.57
1624,36.3784135412425,55.201829848811,201.53
1625,36.3786477316171,55.2018062118441,201.53
1626,36.3788605481386,55.2018249873072,202.01
1627,36.3788836821914,55.2018305193633,202.01
1628,36.3791566807777,55.2018649689853,201.53
1629,36.3793850038201,55.2018715906888,202.01
1630,36.3795906119049,55.2018953114748,201.53
1631,36.3798187673092,55.2019114885479,201.53
1632,36.3801536243409,55.2019574213773,202.01
1633,36.3801862299442,55.2019741851836,202.01
1634,36.3803445640951,55.2019792981446,202.49
1635,36.3805646728724,55.2019606065005,202.01
1636,36.3807344064116,55.2019601874053,202.01
1637,36.3809193950146,55.2019598521292,202.98
1638,36.3811639789492,55.2019948046655,202.98
1639,36.3813928887248,55.2019920386374,202.98
1640,36.3814532384276,55.2019979897887,202.98
1641,36.3817604351789,55.2019873447716,203.46
1642,36.381906196475,55.2019712515175,203.46
1643,36.3821030035615,55.2019319403917,203.94
1644,36.3821807876229,55.201914338395,204.42
1645,36.3822413887829,55.2019124943763,204.42
1646,36.3824818655849,55.2018979936838,204.9
1647,36.3826511800289,55.2018870133907,205.38
1648,36.3828957639635,55.2018854208291,205.86
1649,36.3829589635134,55.2018988318741,206.34
1650,36.3829866237938,55.2019741851836,206.82
1651,36.383037250489,55.2021181862801,206.34
1652,36.3830415252596,55.2021217904985,206.34
1653,36.3830284494907,55.202321363613,206.34
1654,36.3830338977277,55.2023752592504,206.34
1655,36.3830825127661,55.2024866547436,206.82
1656,36.3831074070185,55.2026439830661,206.34
1657,36.3830839376897,55.202741548419,206.34
1658,36.3830830156803,55.2028617449105,205.86
1659,36.3830767292529,55.2029577177018,205.86
1660,36.3830700237304,55.2031040657312,205.86
1661,36.3830552715808,55.2031384315342,206.34
1662,36.3830644916743,55.2031909860671,205.86
1663,36.3830535952002,55.2033198159188,205.38
1664,36.3830384239554,55.2034064847976,204.9
1665,36.3830959238112,55.203650817275,205.38
1666,36.3831400964409,55.2038009371608,204.9
1667,36.3831412699074,55.2038546651602,204.9
1668,36.3832156173885,55.2040620334446,204.42
1669,36.3832193892449,55.204248027876,204.42
1670,36.3832070678473,55.2044320106506,203.94
1671,36.3832069840282,55.2046092879027,203.94
1672,36.3832079060376,55.2047398779541,203.46
1673,36.3832560181618,55.2048805262893,202.49
1674,36.3832366559654,55.2050611563027,202.01
1675,36.3832045532763,55.2051959373057,200.57
1676,36.3831385876983,55.2053117752075,200.57
1677,36.3831014558673,55.2054655831307,199.61
1678,36.3830311316997,55.2056476380676,198.65
1679,36.3829893060029,55.2057920582592,198.17
1680,36.3829326443374,55.2059117518365,197.21
1681,36.382907750085,55.2060658950359,196.73
1682,36.3829348236322,55.2062044478953,195.77
1683,36.3829328119755,55.2062291745097,195.77
1684,36.3830701075494,55.2064192760736,195.28
1685,36.3831923995167,55.2065011672676,194.8
1686,36.3833187986165,55.2065864950418,193.84
1687,36.3833964988589,55.2066830545664,192.4
1688,36.3835734408349,55.2067515347153,191.92
1689,36.3837894424796,55.2067948691547,191.44
1690,36.3838602695614,55.2068237029016,191.44
1691,36.3838890194893,55.2068248763681,191.44